batch_id,unit_id,description,connector,primary_band,scan_label,scan_range_mhz,res_freq_mhz,swr_at_res,spot1_label,spot1_freq_mhz,spot1_swr,spot2_label,spot2_freq_mhz,spot2_swr,spot3_label,spot3_freq_mhz,spot3_swr,overall_status,notes
ACM,ACM-01,AWUS036ACM bundled dual-band antenna,RP-SMA Male,2.4GHz,2.4GHz,2300–2600,2600.0,1.222,2400MHz,2400.0,1.834,2450MHz,2450.0,1.848,2484MHz,2484.0,1.719,Good,2.4 GHz resonance 2600.0 MHz above WiFi band — in-band SWR elevated Bundled with AWUS036ACM. Marketed as Wi-Fi 7 antenna.
ACM,ACM-01,AWUS036ACM bundled dual-band antenna,RP-SMA Male,5GHz,5GHz,4800–6000,5688.0,1.096,5150MHz,5150.0,1.175,5500MHz,5500.0,1.314,5850MHz,5850.0,1.164,Good,2.4 GHz resonance 2600.0 MHz above WiFi band — in-band SWR elevated Bundled with AWUS036ACM. Marketed as Wi-Fi 7 antenna.
ACM,ACM-02,AWUS036ACM bundled dual-band antenna,RP-SMA Male,2.4GHz,2.4GHz,2300–2600,2590.2,1.307,2400MHz,2400.0,1.941,2450MHz,2450.0,1.995,2484MHz,2484.0,1.871,Marginal,"2.4 GHz resonance 2590.2 MHz above WiFi band — in-band SWR elevated Bundled with AWUS036ACM. Marketed as Wi-Fi 7 antenna. | Marginal — 2.4G weak (max SWR 2.02), 5G good (1.32)"
ACM,ACM-02,AWUS036ACM bundled dual-band antenna,RP-SMA Male,5GHz,5GHz,4800–6000,5244.0,1.096,5150MHz,5150.0,1.331,5500MHz,5500.0,1.305,5850MHz,5850.0,1.241,Marginal,"2.4 GHz resonance 2590.2 MHz above WiFi band — in-band SWR elevated Bundled with AWUS036ACM. Marketed as Wi-Fi 7 antenna. | Marginal — 2.4G weak (max SWR 2.02), 5G good (1.32)"
ACH,ACH-01,AWUS036ACH bundled dual-band antenna,RP-SMA Male,2.4GHz,2.4GHz,2300–2600,2517.5,1.267,2400MHz,2400.0,1.63,2450MHz,2450.0,1.457,2484MHz,2484.0,1.293,Good,2.4 GHz resonance 2517.5 MHz above WiFi band — in-band SWR elevated Bundled with AWUS036ACH. Marketed as Wi-Fi 7 antenna.
ACH,ACH-01,AWUS036ACH bundled dual-band antenna,RP-SMA Male,5GHz,5GHz,4800–6000,5139.0,1.047,5150MHz,5150.0,1.059,5500MHz,5500.0,1.31,5850MHz,5850.0,1.152,Good,2.4 GHz resonance 2517.5 MHz above WiFi band — in-band SWR elevated Bundled with AWUS036ACH. Marketed as Wi-Fi 7 antenna.
ACH,ACH-02,AWUS036ACH bundled dual-band antenna,RP-SMA Male,2.4GHz,2.4GHz,2300–2600,2566.2,1.168,2400MHz,2400.0,1.659,2450MHz,2450.0,1.499,2484MHz,2484.0,1.337,Good,2.4 GHz resonance 2566.2 MHz above WiFi band — in-band SWR elevated Bundled with AWUS036ACH. Marketed as Wi-Fi 7 antenna.
ACH,ACH-02,AWUS036ACH bundled dual-band antenna,RP-SMA Male,5GHz,5GHz,4800–6000,5655.0,1.062,5150MHz,5150.0,1.113,5500MHz,5500.0,1.218,5850MHz,5850.0,1.223,Good,2.4 GHz resonance 2566.2 MHz above WiFi band — in-band SWR elevated Bundled with AWUS036ACH. Marketed as Wi-Fi 7 antenna.
AL,AL-01,Alfa 9dBi 2.4 GHz omni antenna,RP-SMA Male,2.4GHz,2.4GHz,2300–2600,2378.0,1.063,2400MHz,2400.0,1.15,2450MHz,2450.0,1.399,2484MHz,2484.0,1.505,Marginal,"2.4 GHz only antenna. 5 GHz scan logged for reference. 2.4 GHz resonance 2378.0 MHz below band center. | Marginal — 5G weak (max SWR 2.29), 2.4G good (1.51)"
AL,AL-01,Alfa 9dBi 2.4 GHz omni antenna,RP-SMA Male,5GHz,5GHz,4800–6000,4917.0,1.152,5150MHz,5150.0,2.207,5500MHz,5500.0,1.902,5850MHz,5850.0,2.27,Marginal,"2.4 GHz only antenna. 5 GHz scan logged for reference. 2.4 GHz resonance 2378.0 MHz below band center. | Marginal — 5G weak (max SWR 2.29), 2.4G good (1.51)"
BF,BF-01,Bingfu 8dBi dual-band paddle antenna RP-SMA,RP-SMA Male,2.4GHz,2.4GHz,2300–2600,2592.5,1.216,2400MHz,2400.0,1.913,2450MHz,2450.0,1.642,2484MHz,2484.0,1.486,Do_Not_Use,2.4 GHz resonance 2592.5 MHz above WiFi band.
BF,BF-01,Bingfu 8dBi dual-band paddle antenna RP-SMA,RP-SMA Male,5GHz,5GHz,4800–6000,5082.0,1.101,5150MHz,5150.0,1.786,5500MHz,5500.0,2.691,5850MHz,5850.0,4.484,Do_Not_Use,2.4 GHz resonance 2592.5 MHz above WiFi band.
BF,BF-02,Bingfu 8dBi dual-band paddle antenna RP-SMA,RP-SMA Male,2.4GHz,2.4GHz,2300–2600,2559.5,1.098,2400MHz,2400.0,1.558,2450MHz,2450.0,1.296,2484MHz,2484.0,1.196,Do_Not_Use,2.4 GHz resonance 2559.5 MHz above WiFi band.
BF,BF-02,Bingfu 8dBi dual-band paddle antenna RP-SMA,RP-SMA Male,5GHz,5GHz,4800–6000,5064.0,1.055,5150MHz,5150.0,1.923,5500MHz,5500.0,2.714,5850MHz,5850.0,4.253,Do_Not_Use,2.4 GHz resonance 2559.5 MHz above WiFi band.
BF,BF-03,Bingfu 8dBi dual-band paddle antenna RP-SMA,RP-SMA Male,2.4GHz,2.4GHz,2300–2600,2576.8,1.527,2400MHz,2400.0,1.939,2450MHz,2450.0,1.743,2484MHz,2484.0,1.673,Do_Not_Use,2.4 GHz resonance 2576.8 MHz above WiFi band.
BF,BF-03,Bingfu 8dBi dual-band paddle antenna RP-SMA,RP-SMA Male,5GHz,5GHz,4800–6000,5025.0,1.174,5150MHz,5150.0,1.895,5500MHz,5500.0,2.593,5850MHz,5850.0,6.091,Do_Not_Use,2.4 GHz resonance 2576.8 MHz above WiFi band.
BFD,BFD-01,Bingfu Clone (AliExpress) 8dBi dual-band paddle antenna RP-SMA,RP-SMA Male,2.4GHz,2.4GHz,2300–2600,2467.2,1.33,2400MHz,2400.0,1.585,2450MHz,2450.0,1.344,2484MHz,2484.0,1.344,Good,Bingfu 8dBi dual-band paddle. Similar form factor to BF batch.
BFD,BFD-01,Bingfu Clone (AliExpress) 8dBi dual-band paddle antenna RP-SMA,RP-SMA Male,5GHz,5GHz,4800–6000,5223.0,1.038,5150MHz,5150.0,1.297,5500MHz,5500.0,1.613,5850MHz,5850.0,1.841,Good,Bingfu 8dBi dual-band paddle. Similar form factor to BF batch.
BFD,BFD-02,Bingfu Clone (AliExpress) 8dBi dual-band paddle antenna RP-SMA,RP-SMA Male,2.4GHz,2.4GHz,2300–2600,2456.8,1.111,2400MHz,2400.0,1.339,2450MHz,2450.0,1.117,2484MHz,2484.0,1.193,Good,Bingfu 8dBi dual-band paddle. Similar form factor to BF batch.
BFD,BFD-02,Bingfu Clone (AliExpress) 8dBi dual-band paddle antenna RP-SMA,RP-SMA Male,5GHz,5GHz,4800–6000,5196.0,1.166,5150MHz,5150.0,1.254,5500MHz,5500.0,1.371,5850MHz,5850.0,1.572,Good,Bingfu 8dBi dual-band paddle. Similar form factor to BF batch.
BFD,BFD-03,Bingfu Clone (AliExpress) 8dBi dual-band paddle antenna RP-SMA,RP-SMA Male,2.4GHz,2.4GHz,2300–2600,2456.8,1.028,2400MHz,2400.0,1.306,2450MHz,2450.0,1.042,2484MHz,2484.0,1.223,Marginal,"Bingfu 8dBi dual-band paddle. Similar form factor to BF batch. | Marginal — 5G weak (max SWR 2.06), 2.4G good (1.22)"
BFD,BFD-03,Bingfu Clone (AliExpress) 8dBi dual-band paddle antenna RP-SMA,RP-SMA Male,5GHz,5GHz,4800–6000,5976.0,1.152,5150MHz,5150.0,1.519,5500MHz,5500.0,1.534,5850MHz,5850.0,1.833,Marginal,"Bingfu 8dBi dual-band paddle. Similar form factor to BF batch. | Marginal — 5G weak (max SWR 2.06), 2.4G good (1.22)"
BFD,BFD-04,Bingfu Clone (AliExpress) 8dBi dual-band paddle antenna RP-SMA,RP-SMA Male,2.4GHz,2.4GHz,2300–2600,2458.2,1.052,2400MHz,2400.0,1.422,2450MHz,2450.0,1.073,2484MHz,2484.0,1.196,Marginal,"Bingfu 8dBi dual-band paddle. Similar form factor to BF batch. | Marginal — 5G weak (max SWR 2.01), 2.4G good (1.32)"
BFD,BFD-04,Bingfu Clone (AliExpress) 8dBi dual-band paddle antenna RP-SMA,RP-SMA Male,5GHz,5GHz,4800–6000,5247.0,1.128,5150MHz,5150.0,1.573,5500MHz,5500.0,1.602,5850MHz,5850.0,1.952,Marginal,"Bingfu 8dBi dual-band paddle. Similar form factor to BF batch. | Marginal — 5G weak (max SWR 2.01), 2.4G good (1.32)"
BFD,BFD-05,Bingfu Clone (AliExpress) 8dBi dual-band paddle antenna RP-SMA,RP-SMA Male,2.4GHz,2.4GHz,2300–2600,2429.8,1.272,2400MHz,2400.0,1.422,2450MHz,2450.0,1.289,2484MHz,2484.0,1.382,Marginal,"Bingfu 8dBi dual-band paddle. Similar form factor to BF batch. | Marginal — 5G weak (max SWR 2.10), 2.4G good (1.38)"
BFD,BFD-05,Bingfu Clone (AliExpress) 8dBi dual-band paddle antenna RP-SMA,RP-SMA Male,5GHz,5GHz,4800–6000,5208.0,1.055,5150MHz,5150.0,1.306,5500MHz,5500.0,1.484,5850MHz,5850.0,1.974,Marginal,"Bingfu 8dBi dual-band paddle. Similar form factor to BF batch. | Marginal — 5G weak (max SWR 2.10), 2.4G good (1.38)"
BFD,BFD-06,Bingfu Clone (AliExpress) 8dBi dual-band paddle antenna RP-SMA,RP-SMA Male,2.4GHz,2.4GHz,2300–2600,2462.8,1.068,2400MHz,2400.0,1.294,2450MHz,2450.0,1.085,2484MHz,2484.0,1.12,Good,Bingfu 8dBi dual-band paddle. Similar form factor to BF batch.
BFD,BFD-06,Bingfu Clone (AliExpress) 8dBi dual-band paddle antenna RP-SMA,RP-SMA Male,5GHz,5GHz,4800–6000,5205.0,1.16,5150MHz,5150.0,1.301,5500MHz,5500.0,1.422,5850MHz,5850.0,1.688,Good,Bingfu 8dBi dual-band paddle. Similar form factor to BF batch.
BF-Cable,BF-Cable-01,Bingfu 9dBi dual-band magmount antenna with cable,SMA Male,2.4GHz,2.4GHz,2300–2600,2478.5,1.008,2400MHz,2400.0,1.141,2450MHz,2450.0,1.095,2484MHz,2484.0,1.095,Good,Cable-affected measurement — integral cable as shipped. SWR@res is primary validity metric. 9dBi claimed.
BF-Cable,BF-Cable-01,Bingfu 9dBi dual-band magmount antenna with cable,SMA Male,5GHz,5GHz,4800–6000,5352.0,1.063,5150MHz,5150.0,1.25,5500MHz,5500.0,1.159,5850MHz,5850.0,1.105,Good,Cable-affected measurement — integral cable as shipped. SWR@res is primary validity metric. 9dBi claimed.
BF-Cable,BF-Cable-02,Bingfu 9dBi dual-band magmount antenna with cable,SMA Male,2.4GHz,2.4GHz,2300–2600,2574.5,1.018,2400MHz,2400.0,1.085,2450MHz,2450.0,1.217,2484MHz,2484.0,1.21,Good,Cable-affected measurement — integral cable as shipped. SWR@res is primary validity metric. 9dBi claimed.
BF-Cable,BF-Cable-02,Bingfu 9dBi dual-band magmount antenna with cable,SMA Male,5GHz,5GHz,4800–6000,5598.0,1.132,5150MHz,5150.0,1.284,5500MHz,5500.0,1.183,5850MHz,5850.0,1.273,Good,Cable-affected measurement — integral cable as shipped. SWR@res is primary validity metric. 9dBi claimed.
D3,D3-01,AliExpress dual-band 3dBi stick antenna,RP-SMA Male,2.4GHz,2.4GHz,2300–2600,2488.2,1.418,2400MHz,2400.0,2.273,2450MHz,2450.0,1.611,2484MHz,2484.0,1.436,Do_Not_Use,2.4 GHz resonance 2488.2 MHz above WiFi band.
D3,D3-01,AliExpress dual-band 3dBi stick antenna,RP-SMA Male,5GHz,5GHz,4800–6000,5004.0,1.336,5150MHz,5150.0,3.34,5500MHz,5500.0,1.847,5850MHz,5850.0,2.686,Do_Not_Use,2.4 GHz resonance 2488.2 MHz above WiFi band.
D3,D3-02,AliExpress dual-band 3dBi stick antenna,RP-SMA Male,2.4GHz,2.4GHz,2300–2600,2413.2,1.81,2400MHz,2400.0,1.907,2450MHz,2450.0,1.912,2484MHz,2484.0,2.035,Do_Not_Use,
D3,D3-02,AliExpress dual-band 3dBi stick antenna,RP-SMA Male,5GHz,5GHz,4800–6000,4989.0,1.064,5150MHz,5150.0,2.763,5500MHz,5500.0,1.96,5850MHz,5850.0,2.543,Do_Not_Use,
DSTIKE,dstikedish-01,DSTIKE directional dish antenna,RP-SMA Male,2.4GHz,2.4GHz,2300–2600,2512.2,1.008,2400MHz,2400.0,1.997,2450MHz,2450.0,1.481,2484MHz,2484.0,1.414,Marginal,"2.4 GHz resonance 2512.2 MHz above WiFi band. Directional dish — gain pattern not captured by SWR alone; match only. | Marginal — 5G weak (max SWR 2.06), 2.4G good (1.70)"
DSTIKE,dstikedish-01,DSTIKE directional dish antenna,RP-SMA Male,5GHz,5GHz,4800–6000,5556.0,1.02,5150MHz,5150.0,1.977,5500MHz,5500.0,1.63,5850MHz,5850.0,1.412,Marginal,"2.4 GHz resonance 2512.2 MHz above WiFi band. Directional dish — gain pattern not captured by SWR alone; match only. | Marginal — 5G weak (max SWR 2.06), 2.4G good (1.70)"
HF,HF-01,AliExpress single-band 2.4 GHz stick antenna,RP-SMA Male,2.4GHz,2.4GHz,2300–2600,2495.8,1.223,2400MHz,2400.0,2.009,2450MHz,2450.0,1.457,2484MHz,2484.0,1.234,Good,AliExpress single-band 2.4 GHz stick. 5 GHz not tested/not rated. Resonance 2495.8 MHz above WiFi band.
HF,HF-02,AliExpress single-band 2.4 GHz stick antenna,RP-SMA Male,2.4GHz,2.4GHz,2300–2600,2475.5,1.159,2400MHz,2400.0,1.682,2450MHz,2450.0,1.274,2484MHz,2484.0,1.173,Good,AliExpress single-band 2.4 GHz stick. 5 GHz not tested/not rated.
HF,HF-03,AliExpress single-band 2.4 GHz stick antenna,RP-SMA Male,2.4GHz,2.4GHz,2300–2600,2460.5,1.025,2400MHz,2400.0,1.656,2450MHz,2450.0,1.117,2484MHz,2484.0,1.209,Good,AliExpress single-band 2.4 GHz stick. 5 GHz not tested/not rated.
HF,HF-04,AliExpress single-band 2.4 GHz stick antenna,RP-SMA Male,2.4GHz,2.4GHz,2300–2600,2444.8,1.149,2400MHz,2400.0,1.4,2450MHz,2450.0,1.155,2484MHz,2484.0,1.41,Good,AliExpress single-band 2.4 GHz stick. 5 GHz not tested/not rated.
HF,HF-05,AliExpress single-band 2.4 GHz stick antenna,RP-SMA Male,2.4GHz,2.4GHz,2300–2600,2468.8,1.114,2400MHz,2400.0,1.418,2450MHz,2450.0,1.136,2484MHz,2484.0,1.119,Good,AliExpress single-band 2.4 GHz stick. 5 GHz not tested/not rated.
HF,HF-06,AliExpress single-band 2.4 GHz stick antenna,RP-SMA Male,2.4GHz,2.4GHz,2300–2600,2489.0,1.034,2400MHz,2400.0,1.931,2450MHz,2450.0,1.329,2484MHz,2484.0,1.048,Good,AliExpress single-band 2.4 GHz stick. 5 GHz not tested/not rated. Resonance 2489.0 MHz above WiFi band.
SF,SF-01,Sixfab S158 tri-band Wi-Fi 6E/7 antenna,RP-SMA Male,2.4GHz,2.4GHz,2300–2600,2300.8,1.351,2400MHz,2400.0,1.633,2450MHz,2450.0,1.909,2484MHz,2484.0,2.117,Marginal,"Sixfab S158 tri-band Wi-Fi 6E/7. 6 GHz band not tested (scan range 4.8-6.0 GHz covers lower 6 GHz only). 2.4 GHz resonance 2300.8 MHz below band center. | Marginal — 2.4G 2.12, 5G 2.54"
SF,SF-01,Sixfab S158 tri-band Wi-Fi 6E/7 antenna,RP-SMA Male,5GHz,5GHz,4800–6000,5961.0,1.05,5150MHz,5150.0,2.202,5500MHz,5500.0,2.374,5850MHz,5850.0,1.382,Marginal,"Sixfab S158 tri-band Wi-Fi 6E/7. 6 GHz band not tested (scan range 4.8-6.0 GHz covers lower 6 GHz only). 2.4 GHz resonance 2300.8 MHz below band center. | Marginal — 2.4G 2.12, 5G 2.54"
RED,RED-01,AliExpress red dual-band antenna (mixed lot),RP-SMA Male,2.4GHz,2.4GHz,2300–2600,2377.2,1.135,2400MHz,2400.0,1.185,2450MHz,2450.0,1.451,2484MHz,2484.0,1.586,Marginal,"Mixed lot — each unit may be a different antenna model despite similar appearance. 2.4 GHz resonance 2377.2 MHz below band center. | Marginal — 5G weak (max SWR 2.77), 2.4G good (1.59)"
RED,RED-01,AliExpress red dual-band antenna (mixed lot),RP-SMA Male,5GHz,5GHz,4800–6000,5259.0,1.576,5150MHz,5150.0,2.06,5500MHz,5500.0,2.343,5850MHz,5850.0,1.931,Marginal,"Mixed lot — each unit may be a different antenna model despite similar appearance. 2.4 GHz resonance 2377.2 MHz below band center. | Marginal — 5G weak (max SWR 2.77), 2.4G good (1.59)"
RED,RED-02,AliExpress red dual-band antenna (mixed lot),RP-SMA Male,2.4GHz,2.4GHz,2300–2600,2415.5,1.431,2400MHz,2400.0,1.444,2450MHz,2450.0,1.519,2484MHz,2484.0,1.62,Do_Not_Use,Mixed lot — each unit may be a different antenna model despite similar appearance.
RED,RED-02,AliExpress red dual-band antenna (mixed lot),RP-SMA Male,5GHz,5GHz,4800–6000,5910.0,1.158,5150MHz,5150.0,1.466,5500MHz,5500.0,3.12,5850MHz,5850.0,1.417,Do_Not_Use,Mixed lot — each unit may be a different antenna model despite similar appearance.
RED,RED-03,AliExpress red dual-band antenna (mixed lot),RP-SMA Male,2.4GHz,2.4GHz,2300–2600,2322.5,1.093,2400MHz,2400.0,1.452,2450MHz,2450.0,1.651,2484MHz,2484.0,1.801,Do_Not_Use,Mixed lot — each unit may be a different antenna model despite similar appearance. 2.4 GHz resonance 2322.5 MHz below band center.
RED,RED-03,AliExpress red dual-band antenna (mixed lot),RP-SMA Male,5GHz,5GHz,4800–6000,5946.0,1.051,5150MHz,5150.0,1.486,5500MHz,5500.0,2.876,5850MHz,5850.0,1.462,Do_Not_Use,Mixed lot — each unit may be a different antenna model despite similar appearance. 2.4 GHz resonance 2322.5 MHz below band center.
RED,RED-04,AliExpress red dual-band antenna (mixed lot),RP-SMA Male,2.4GHz,2.4GHz,2300–2600,2361.5,1.079,2400MHz,2400.0,1.253,2450MHz,2450.0,1.467,2484MHz,2484.0,1.546,Do_Not_Use,Mixed lot — each unit may be a different antenna model despite similar appearance. 2.4 GHz resonance 2361.5 MHz below band center.
RED,RED-04,AliExpress red dual-band antenna (mixed lot),RP-SMA Male,5GHz,5GHz,4800–6000,5067.0,1.092,5150MHz,5150.0,1.246,5500MHz,5500.0,3.878,5850MHz,5850.0,1.29,Do_Not_Use,Mixed lot — each unit may be a different antenna model despite similar appearance. 2.4 GHz resonance 2361.5 MHz below band center.
ST,ST-02,2-inch SMA monopole stubby,SMA Male,2.4GHz,2.4GHz,2300–2600,2600.0,1.707,2400MHz,2400.0,2.718,2450MHz,2450.0,2.522,2484MHz,2484.0,2.23,Do_Not_Use,2-inch SMA monopole stubby. 2.4 GHz resonance 2600.0 MHz above WiFi band.
ST,ST-02,2-inch SMA monopole stubby,SMA Male,5GHz,5GHz,4800–6000,5754.0,2.898,5150MHz,5150.0,3.616,5500MHz,5500.0,3.156,5850MHz,5850.0,3.091,Do_Not_Use,2-inch SMA monopole stubby. 2.4 GHz resonance 2600.0 MHz above WiFi band.
ST,ST-03,2-inch SMA monopole stubby,SMA Male,2.4GHz,2.4GHz,2300–2600,2564.8,2.0,2400MHz,2400.0,2.993,2450MHz,2450.0,2.641,2484MHz,2484.0,2.298,Do_Not_Use,2-inch SMA monopole stubby. 2.4 GHz resonance 2564.8 MHz above WiFi band.
ST,ST-03,2-inch SMA monopole stubby,SMA Male,5GHz,5GHz,4800–6000,6000.0,4.179,5150MHz,5150.0,7.974,5500MHz,5500.0,7.172,5850MHz,5850.0,5.006,Do_Not_Use,2-inch SMA monopole stubby. 2.4 GHz resonance 2564.8 MHz above WiFi band.
ST,ST-04,2-inch SMA monopole stubby,SMA Male,2.4GHz,2.4GHz,2300–2600,2402.0,2.205,2400MHz,2400.0,2.211,2450MHz,2450.0,16.412,2484MHz,2484.0,43.494,Do_Not_Use,2-inch SMA monopole stubby.
ST,ST-04,2-inch SMA monopole stubby,SMA Male,5GHz,5GHz,4800–6000,5667.0,1.712,5150MHz,5150.0,3.045,5500MHz,5500.0,8.074,5850MHz,5850.0,3.56,Do_Not_Use,2-inch SMA monopole stubby.
TS,TS-01,Boobrie 3cm mini WiFi stubby,RP-SMA Male,2.4GHz,2.4GHz,2300–2600,2542.2,1.526,2400MHz,2400.0,1.866,2450MHz,2450.0,1.828,2484MHz,2484.0,1.682,Do_Not_Use,Boobrie 3cm mini WiFi stubby. 2.4 GHz resonance 2542.2 MHz above WiFi band.
TS,TS-01,Boobrie 3cm mini WiFi stubby,RP-SMA Male,5GHz,5GHz,4800–6000,6000.0,4.168,5150MHz,5150.0,11.322,5500MHz,5500.0,5.111,5850MHz,5850.0,4.57,Do_Not_Use,Boobrie 3cm mini WiFi stubby. 2.4 GHz resonance 2542.2 MHz above WiFi band.
TS,TS-02,Boobrie 3cm mini WiFi stubby,RP-SMA Male,2.4GHz,2.4GHz,2300–2600,2537.8,1.517,2400MHz,2400.0,1.825,2450MHz,2450.0,1.823,2484MHz,2484.0,1.661,Do_Not_Use,Boobrie 3cm mini WiFi stubby. 2.4 GHz resonance 2537.8 MHz above WiFi band.
TS,TS-02,Boobrie 3cm mini WiFi stubby,RP-SMA Male,5GHz,5GHz,4800–6000,6000.0,3.673,5150MHz,5150.0,13.115,5500MHz,5500.0,5.599,5850MHz,5850.0,4.076,Do_Not_Use,Boobrie 3cm mini WiFi stubby. 2.4 GHz resonance 2537.8 MHz above WiFi band.
SW,SW-01,Stubby whip monopole,RP-SMA Male,2.4GHz,2.4GHz,2300–2600,2596.2,2.225,2400MHz,2400.0,3.025,2450MHz,2450.0,2.794,2484MHz,2484.0,2.533,Do_Not_Use,Stubby whip monopole. 2.4 GHz resonance 2596.2 MHz above WiFi band.
SW,SW-01,Stubby whip monopole,RP-SMA Male,5GHz,5GHz,4800–6000,5997.0,3.578,5150MHz,5150.0,6.547,5500MHz,5500.0,4.941,5850MHz,5850.0,3.948,Do_Not_Use,Stubby whip monopole. 2.4 GHz resonance 2596.2 MHz above WiFi band.
SW,SW-02,Stubby whip monopole,RP-SMA Male,2.4GHz,2.4GHz,2300–2600,2510.8,2.255,2400MHz,2400.0,2.503,2450MHz,2450.0,2.431,2484MHz,2484.0,2.317,Do_Not_Use,Stubby whip monopole. 2.4 GHz resonance 2510.8 MHz above WiFi band.
SW,SW-02,Stubby whip monopole,RP-SMA Male,5GHz,5GHz,4800–6000,6000.0,2.591,5150MHz,5150.0,3.997,5500MHz,5500.0,3.468,5850MHz,5850.0,3.057,Do_Not_Use,Stubby whip monopole. 2.4 GHz resonance 2510.8 MHz above WiFi band.
SW,SW-03,Stubby whip monopole,RP-SMA Male,2.4GHz,2.4GHz,2300–2600,2560.2,1.766,2400MHz,2400.0,2.768,2450MHz,2450.0,2.407,2484MHz,2484.0,2.068,Do_Not_Use,Stubby whip monopole. 2.4 GHz resonance 2560.2 MHz above WiFi band.
SW,SW-03,Stubby whip monopole,RP-SMA Male,5GHz,5GHz,4800–6000,6000.0,3.505,5150MHz,5150.0,6.641,5500MHz,5500.0,5.382,5850MHz,5850.0,3.997,Do_Not_Use,Stubby whip monopole. 2.4 GHz resonance 2560.2 MHz above WiFi band.
SW,SW-04,Stubby whip monopole,RP-SMA Male,2.4GHz,2.4GHz,2300–2600,2567.0,2.374,2400MHz,2400.0,2.902,2450MHz,2450.0,2.907,2484MHz,2484.0,2.737,Do_Not_Use,Stubby whip monopole. 2.4 GHz resonance 2567.0 MHz above WiFi band.
SW,SW-04,Stubby whip monopole,RP-SMA Male,5GHz,5GHz,4800–6000,6000.0,2.628,5150MHz,5150.0,4.872,5500MHz,5500.0,3.837,5850MHz,5850.0,3.114,Do_Not_Use,Stubby whip monopole. 2.4 GHz resonance 2567.0 MHz above WiFi band.
SW,SW-05,Stubby whip monopole,RP-SMA Male,2.4GHz,2.4GHz,2300–2600,2600.0,1.74,2400MHz,2400.0,2.873,2450MHz,2450.0,2.652,2484MHz,2484.0,2.326,Do_Not_Use,Stubby whip monopole. 2.4 GHz resonance 2600.0 MHz above WiFi band.
SW,SW-05,Stubby whip monopole,RP-SMA Male,5GHz,5GHz,4800–6000,6000.0,3.286,5150MHz,5150.0,6.569,5500MHz,5500.0,4.991,5850MHz,5850.0,3.716,Do_Not_Use,Stubby whip monopole. 2.4 GHz resonance 2600.0 MHz above WiFi band.
AccelTex4,AccelTex4-01,AccelTex ATS-01047 2.4/5 GHz 4/6 dBi 4-element indoor/outdoor omni antenna with RP-SMA,RP-SMA Male,2.4GHz,2.4GHz,2300–2600,2556.5,1.351,2400MHz,2400.0,1.823,2450MHz,2450.0,1.558,2484MHz,2484.0,1.567,Marginal,"Cable-affected measurement — integral 36"" pigtail as shipped. SWR at resonance is the validity metric; in-band spot readings are cable-influenced. SWR@res clean (1.18–1.39) across all 4 ports confirming well-matched elements. Enterprise grade Hubbell/AccelTex 4-port MIMO panel. In-band SWR elevation consistent with cable standing-wave artifact, not antenna defect. | Marginal — 5G weak (max SWR 2.53), 2.4G good (1.76)"
AccelTex4,AccelTex4-01,AccelTex ATS-01047 2.4/5 GHz 4/6 dBi 4-element indoor/outdoor omni antenna with RP-SMA,RP-SMA Male,5GHz,5GHz,4800–6000,5817.0,1.361,5150MHz,5150.0,1.915,5500MHz,5500.0,2.104,5850MHz,5850.0,2.145,Marginal,"Cable-affected measurement — integral 36"" pigtail as shipped. SWR at resonance is the validity metric; in-band spot readings are cable-influenced. SWR@res clean (1.18–1.39) across all 4 ports confirming well-matched elements. Enterprise grade Hubbell/AccelTex 4-port MIMO panel. In-band SWR elevation consistent with cable standing-wave artifact, not antenna defect. | Marginal — 5G weak (max SWR 2.53), 2.4G good (1.76)"
AccelTex4,AccelTex4-02,AccelTex ATS-01047 2.4/5 GHz 4/6 dBi 4-element indoor/outdoor omni antenna with RP-SMA,RP-SMA Male,2.4GHz,2.4GHz,2300–2600,2555.8,1.047,2400MHz,2400.0,1.503,2450MHz,2450.0,1.25,2484MHz,2484.0,1.254,Marginal,"Cable-affected measurement — integral 36"" pigtail as shipped. SWR at resonance is the validity metric; in-band spot readings are cable-influenced. SWR@res clean (1.18–1.39) across all 4 ports confirming well-matched elements. Enterprise grade Hubbell/AccelTex 4-port MIMO panel. In-band SWR elevation consistent with cable standing-wave artifact, not antenna defect. | Marginal — 5G weak (max SWR 2.42), 2.4G good (1.46)"
AccelTex4,AccelTex4-02,AccelTex ATS-01047 2.4/5 GHz 4/6 dBi 4-element indoor/outdoor omni antenna with RP-SMA,RP-SMA Male,5GHz,5GHz,4800–6000,5907.0,1.393,5150MHz,5150.0,1.895,5500MHz,5500.0,1.821,5850MHz,5850.0,2.334,Marginal,"Cable-affected measurement — integral 36"" pigtail as shipped. SWR at resonance is the validity metric; in-band spot readings are cable-influenced. SWR@res clean (1.18–1.39) across all 4 ports confirming well-matched elements. Enterprise grade Hubbell/AccelTex 4-port MIMO panel. In-band SWR elevation consistent with cable standing-wave artifact, not antenna defect. | Marginal — 5G weak (max SWR 2.42), 2.4G good (1.46)"
AccelTex4,AccelTex4-03,AccelTex ATS-01047 2.4/5 GHz 4/6 dBi 4-element indoor/outdoor omni antenna with RP-SMA,RP-SMA Male,2.4GHz,2.4GHz,2300–2600,2546.0,1.301,2400MHz,2400.0,1.9,2450MHz,2450.0,1.469,2484MHz,2484.0,1.706,Marginal,"Cable-affected measurement — integral 36"" pigtail as shipped. SWR at resonance is the validity metric; in-band spot readings are cable-influenced. SWR@res clean (1.18–1.39) across all 4 ports confirming well-matched elements. Enterprise grade Hubbell/AccelTex 4-port MIMO panel. In-band SWR elevation consistent with cable standing-wave artifact, not antenna defect. | Marginal — 5G weak (max SWR 2.41), 2.4G good (1.77)"
AccelTex4,AccelTex4-03,AccelTex ATS-01047 2.4/5 GHz 4/6 dBi 4-element indoor/outdoor omni antenna with RP-SMA,RP-SMA Male,5GHz,5GHz,4800–6000,5991.0,1.309,5150MHz,5150.0,2.163,5500MHz,5500.0,1.577,5850MHz,5850.0,2.314,Marginal,"Cable-affected measurement — integral 36"" pigtail as shipped. SWR at resonance is the validity metric; in-band spot readings are cable-influenced. SWR@res clean (1.18–1.39) across all 4 ports confirming well-matched elements. Enterprise grade Hubbell/AccelTex 4-port MIMO panel. In-band SWR elevation consistent with cable standing-wave artifact, not antenna defect. | Marginal — 5G weak (max SWR 2.41), 2.4G good (1.77)"
AccelTex4,AccelTex4-04,AccelTex ATS-01047 2.4/5 GHz 4/6 dBi 4-element indoor/outdoor omni antenna with RP-SMA,RP-SMA Male,2.4GHz,2.4GHz,2300–2600,2573.0,1.176,2400MHz,2400.0,1.688,2450MHz,2450.0,1.463,2484MHz,2484.0,1.39,Marginal,"Cable-affected measurement — integral 36"" pigtail as shipped. SWR at resonance is the validity metric; in-band spot readings are cable-influenced. SWR@res clean (1.18–1.39) across all 4 ports confirming well-matched elements. Enterprise grade Hubbell/AccelTex 4-port MIMO panel. In-band SWR elevation consistent with cable standing-wave artifact, not antenna defect. | Marginal — 5G weak (max SWR 2.55), 2.4G good (1.69)"
AccelTex4,AccelTex4-04,AccelTex ATS-01047 2.4/5 GHz 4/6 dBi 4-element indoor/outdoor omni antenna with RP-SMA,RP-SMA Male,5GHz,5GHz,4800–6000,5991.0,1.265,5150MHz,5150.0,2.193,5500MHz,5500.0,1.492,5850MHz,5850.0,2.437,Marginal,"Cable-affected measurement — integral 36"" pigtail as shipped. SWR at resonance is the validity metric; in-band spot readings are cable-influenced. SWR@res clean (1.18–1.39) across all 4 ports confirming well-matched elements. Enterprise grade Hubbell/AccelTex 4-port MIMO panel. In-band SWR elevation consistent with cable standing-wave artifact, not antenna defect. | Marginal — 5G weak (max SWR 2.55), 2.4G good (1.69)"
BU,BU-01,Biscuit Ultra bundled antenna,RP-SMA Male,2.4GHz,2.4GHz,2300–2600,2471.0,1.0092,2400MHz,2400.0,1.5265,2450MHz,2450.0,1.1219,2484MHz,2484.0,1.0933,Good,Single-band 2.4 GHz confirmed. Excellent match at resonance. SWR 10+ across 5 GHz band. Bundled with Biscuit Ultra. Tested for Hedge/creator evaluation.
BU,BU-02,Biscuit Ultra bundled antenna,RP-SMA Male,2.4GHz,2.4GHz,2300–2600,2463.5,1.0334,2400MHz,2400.0,1.4759,2450MHz,2450.0,1.0889,2484MHz,2484.0,1.1315,Good,Single-band 2.4 GHz confirmed. Excellent match at resonance. SWR 9+ across 5 GHz band. Bundled with Biscuit Ultra. Tested for Hedge/creator evaluation.
AccelTex,ACC-01,AccelTex ATS-OO-245-46-4RPSP-36 4-element outdoor omni,RP-SMA Male,2.4GHz,2.4GHz,2300–2600,2303.8,1.1796,2400MHz,2400.0,1.3685,2450MHz,2450.0,1.3933,2484MHz,2484.0,1.7045,Good,Cable-affected measurement — 910mm RG58 integral cable. SWR at resonance excellent (~1.01) but resonance frequency spread 255MHz at 2.4GHz and 666MHz at 5GHz across ports due to cable length variance. Recal at cable end recommended for true feedpoint data. Enterprise grade Hubbell/AccelTex product. IP66. Purchased eBay surplus $30 (retail ~$300-400). 4-port MIMO design.
AccelTex,ACC-01,AccelTex ATS-OO-245-46-4RPSP-36 4-element outdoor omni,RP-SMA Male,5GHz,5GHz,4800–6000,5409.0,1.0176,5150MHz,5150.0,1.2419,5500MHz,5500.0,1.2451,5850MHz,5850.0,1.7231,Good,Cable-affected measurement — 910mm RG58 integral cable. SWR at resonance excellent (~1.01) but resonance frequency spread 255MHz at 2.4GHz and 666MHz at 5GHz across ports due to cable length variance. Recal at cable end recommended for true feedpoint data. Enterprise grade Hubbell/AccelTex product. IP66. Purchased eBay surplus $30 (retail ~$300-400). 4-port MIMO design.
AccelTex,ACC-02,AccelTex ATS-OO-245-46-4RPSP-36 4-element outdoor omni,RP-SMA Male,2.4GHz,2.4GHz,2300–2600,2363.0,1.0126,2400MHz,2400.0,1.3367,2450MHz,2450.0,1.4216,2484MHz,2484.0,1.3169,Good,Cable-affected measurement — 910mm RG58 integral cable. SWR at resonance excellent (~1.01) but resonance frequency spread 255MHz at 2.4GHz and 666MHz at 5GHz across ports due to cable length variance. Recal at cable end recommended for true feedpoint data. Enterprise grade Hubbell/AccelTex product. IP66. Purchased eBay surplus $30 (retail ~$300-400). 4-port MIMO design.
AccelTex,ACC-02,AccelTex ATS-OO-245-46-4RPSP-36 4-element outdoor omni,RP-SMA Male,5GHz,5GHz,4800–6000,5544.0,1.052,5150MHz,5150.0,1.2987,5500MHz,5500.0,1.1749,5850MHz,5850.0,2.1935,Good,Cable-affected measurement — 910mm RG58 integral cable. SWR at resonance excellent (~1.01) but resonance frequency spread 255MHz at 2.4GHz and 666MHz at 5GHz across ports due to cable length variance. Recal at cable end recommended for true feedpoint data. Enterprise grade Hubbell/AccelTex product. IP66. Purchased eBay surplus $30 (retail ~$300-400). 4-port MIMO design.
AccelTex,ACC-03,AccelTex ATS-OO-245-46-4RPSP-36 4-element outdoor omni,RP-SMA Male,2.4GHz,2.4GHz,2300–2600,2558.8,1.014,2400MHz,2400.0,1.1512,2450MHz,2450.0,1.2379,2484MHz,2484.0,1.5146,Good,Cable-affected measurement — 910mm RG58 integral cable. SWR at resonance excellent (~1.01) but resonance frequency spread 255MHz at 2.4GHz and 666MHz at 5GHz across ports due to cable length variance. Recal at cable end recommended for true feedpoint data. Enterprise grade Hubbell/AccelTex product. IP66. Purchased eBay surplus $30 (retail ~$300-400). 4-port MIMO design.
AccelTex,ACC-03,AccelTex ATS-OO-245-46-4RPSP-36 4-element outdoor omni,RP-SMA Male,5GHz,5GHz,4800–6000,4932.0,1.0064,5150MHz,5150.0,1.4741,5500MHz,5500.0,1.6085,5850MHz,5850.0,1.7254,Marginal,Cable-affected measurement — 910mm RG58 integral cable. SWR at resonance excellent (~1.01) but resonance frequency spread 255MHz at 2.4GHz and 666MHz at 5GHz across ports due to cable length variance. Recal at cable end recommended for true feedpoint data. Enterprise grade Hubbell/AccelTex product. IP66. Purchased eBay surplus $30 (retail ~$300-400). 4-port MIMO design.
AccelTex,ACC-04,AccelTex ATS-OO-245-46-4RPSP-36 4-element outdoor omni,RP-SMA Male,2.4GHz,2.4GHz,2300–2600,2372.0,1.0135,2400MHz,2400.0,1.404,2450MHz,2450.0,1.4254,2484MHz,2484.0,1.2311,Good,Cable-affected measurement — 910mm RG58 integral cable. SWR at resonance excellent (~1.01) but resonance frequency spread 255MHz at 2.4GHz and 666MHz at 5GHz across ports due to cable length variance. Recal at cable end recommended for true feedpoint data. Enterprise grade Hubbell/AccelTex product. IP66. Purchased eBay surplus $30 (retail ~$300-400). 4-port MIMO design.
AccelTex,ACC-04,AccelTex ATS-OO-245-46-4RPSP-36 4-element outdoor omni,RP-SMA Male,5GHz,5GHz,4800–6000,4878.0,1.0126,5150MHz,5150.0,1.8295,5500MHz,5500.0,1.6683,5850MHz,5850.0,1.6024,Marginal,Cable-affected measurement — 910mm RG58 integral cable. SWR at resonance excellent (~1.01) but resonance frequency spread 255MHz at 2.4GHz and 666MHz at 5GHz across ports due to cable length variance. Recal at cable end recommended for true feedpoint data. Enterprise grade Hubbell/AccelTex product. IP66. Purchased eBay surplus $30 (retail ~$300-400). 4-port MIMO design.
AccelTex,ACC-05,AccelTex ATS-OO-245-46-4RPSP-36 4-element outdoor omni,RP-SMA Male,2.4GHz,2.4GHz,2300–2600,2477.8,1.0186,2400MHz,2400.0,1.4441,2450MHz,2450.0,1.3758,2484MHz,2484.0,1.231,Good,Cable-affected measurement — 910mm RG58 integral cable. SWR at resonance excellent (~1.01) but resonance frequency spread 255MHz at 2.4GHz and 666MHz at 5GHz across ports due to cable length variance. Recal at cable end recommended for true feedpoint data. Enterprise grade Hubbell/AccelTex product. IP66. Purchased eBay surplus $30 (retail ~$300-400). 4-port MIMO design.
AccelTex,ACC-05,AccelTex ATS-OO-245-46-4RPSP-36 4-element outdoor omni,RP-SMA Male,5GHz,5GHz,4800–6000,5259.0,1.0404,5150MHz,5150.0,1.4071,5500MHz,5500.0,1.2829,5850MHz,5850.0,1.4111,Good,Cable-affected measurement — 910mm RG58 integral cable. SWR at resonance excellent (~1.01) but resonance frequency spread 255MHz at 2.4GHz and 666MHz at 5GHz across ports due to cable length variance. Recal at cable end recommended for true feedpoint data. Enterprise grade Hubbell/AccelTex product. IP66. Purchased eBay surplus $30 (retail ~$300-400). 4-port MIMO design.
AccelTex,ACC-06,AccelTex ATS-OO-245-46-4RPSP-36 4-element outdoor omni,RP-SMA Male,2.4GHz,2.4GHz,2300–2600,2511.5,1.0204,2400MHz,2400.0,1.3464,2450MHz,2450.0,1.307,2484MHz,2484.0,1.4364,Good,Cable-affected measurement — 910mm RG58 integral cable. SWR at resonance excellent (~1.01) but resonance frequency spread 255MHz at 2.4GHz and 666MHz at 5GHz across ports due to cable length variance. Recal at cable end recommended for true feedpoint data. Enterprise grade Hubbell/AccelTex product. IP66. Purchased eBay surplus $30 (retail ~$300-400). 4-port MIMO design.
AccelTex,ACC-06,AccelTex ATS-OO-245-46-4RPSP-36 4-element outdoor omni,RP-SMA Male,5GHz,5GHz,4800–6000,5346.0,1.0325,5150MHz,5150.0,1.0605,5500MHz,5500.0,1.3692,5850MHz,5850.0,1.9361,Good,Cable-affected measurement — 910mm RG58 integral cable. SWR at resonance excellent (~1.01) but resonance frequency spread 255MHz at 2.4GHz and 666MHz at 5GHz across ports due to cable length variance. Recal at cable end recommended for true feedpoint data. Enterprise grade Hubbell/AccelTex product. IP66. Purchased eBay surplus $30 (retail ~$300-400). 4-port MIMO design.
TAO71,TAO71-01,Taoglas GW.71.5153 Dual Band WiFi Antenna,RP-SMA Male (hinged),2.4GHz,2.4GHz,2300–2600,2468.8,1.0409,2400MHz,2400.0,1.3101,2450MHz,2450.0,1.0959,2484MHz,2484.0,1.0756,Marginal,"Outstanding 2.4 GHz — SWR 1.041 at resonance 2468.8 MHz. 5 GHz resonance at 5088 MHz just below band. SWR stays below 2.0 across full 5 GHz WiFi band. Low unit-to-unit variance at 2.4 GHz. Possible BPi-01 source antenna based on 2.4 GHz profile similarity. | Marginal — 5G weak (max SWR 2.02), 2.4G good (1.25)"
TAO71,TAO71-01,Taoglas GW.71.5153 Dual Band WiFi Antenna,RP-SMA Male (hinged),5GHz,5GHz,4800–6000,5088.0,1.1942,5150MHz,5150.0,1.2501,5500MHz,5500.0,1.879,5850MHz,5850.0,1.6578,Marginal,"Outstanding 2.4 GHz — SWR 1.041 at resonance 2468.8 MHz. 5 GHz resonance at 5088 MHz just below band. SWR stays below 2.0 across full 5 GHz WiFi band. Low unit-to-unit variance at 2.4 GHz. Possible BPi-01 source antenna based on 2.4 GHz profile similarity. | Marginal — 5G weak (max SWR 2.02), 2.4G good (1.25)"
TAO71,TAO71-02,Taoglas GW.71.5153 Dual Band WiFi Antenna,RP-SMA Male (hinged),2.4GHz,2.4GHz,2300–2600,2456.8,1.1066,2400MHz,2400.0,1.3007,2450MHz,2450.0,1.1176,2484MHz,2484.0,1.1391,Good,Outstanding 2.4 GHz — SWR 1.107 at resonance 2456.8 MHz. 5 GHz resonance at 5007 MHz just below band. SWR stays below 2.0 across full 5 GHz WiFi band. Max SWR in band 1.966 at 5766 MHz. Consistent with TAO71-01.
TAO71,TAO71-02,Taoglas GW.71.5153 Dual Band WiFi Antenna,RP-SMA Male (hinged),5GHz,5GHz,4800–6000,5007.0,1.0698,5150MHz,5150.0,1.2703,5500MHz,5500.0,1.6645,5850MHz,5850.0,1.9244,Good,Outstanding 2.4 GHz — SWR 1.107 at resonance 2456.8 MHz. 5 GHz resonance at 5007 MHz just below band. SWR stays below 2.0 across full 5 GHz WiFi band. Max SWR in band 1.966 at 5766 MHz. Consistent with TAO71-01.
TAO05,TAO05-01,Taoglas GW.05.0153 Dual Band WiFi Antenna,RP-SMA Male (hinged),2.4GHz,2.4GHz,2300–2600,0.0,1.4647,2400MHz,2400.0,4.3108,2450MHz,2450.0,4.5409,2484MHz,2484.0,4.4645,Do_Not_Use,Source antenna for Bolton Dart BT428200. SWR ~4.0-4.5 flat across 2.4 GHz band. No resonance at WiFi frequencies. Bolton Dart performance matches source antenna exactly. Not a WiFi antenna for free space SMA use.
TAO05,TAO05-01,Taoglas GW.05.0153 Dual Band WiFi Antenna,RP-SMA Male (hinged),5GHz,5GHz,4800–6000,6000.0,2.9094,5150MHz,5150.0,4.1559,5500MHz,5500.0,3.7263,5850MHz,5850.0,3.258,Do_Not_Use,Source antenna for Bolton Dart BT428200. SWR ~4.0-4.5 flat across 2.4 GHz band. No resonance at WiFi frequencies. Bolton Dart performance matches source antenna exactly. Not a WiFi antenna for free space SMA use.
TAO05,TAO05-02,Taoglas GW.05.0153 Dual Band WiFi Antenna,RP-SMA Male (hinged),2.4GHz,2.4GHz,2300–2600,2600.0,3.6297,2400MHz,2400.0,4.1888,2450MHz,2450.0,4.1488,2484MHz,2484.0,4.0327,Do_Not_Use,Source antenna for Bolton Dart BT428200. SWR ~4.0-4.5 flat across 2.4 GHz band. No resonance at WiFi frequencies. Consistent with TAO05-01. Not a WiFi antenna for free space SMA use.
TAO05,TAO05-02,Taoglas GW.05.0153 Dual Band WiFi Antenna,RP-SMA Male (hinged),5GHz,5GHz,4800–6000,0.0,1.9195,5150MHz,5150.0,4.7776,5500MHz,5500.0,3.9237,5850MHz,5850.0,3.2532,Do_Not_Use,Source antenna for Bolton Dart BT428200. SWR ~4.0-4.5 flat across 2.4 GHz band. No resonance at WiFi frequencies. Consistent with TAO05-01. Not a WiFi antenna for free space SMA use.
TAO59,TAO59-01,Taoglas GW.59.3153 3dBi Wi-Fi 6 Dipole Antenna,RP-SMA Male (hinged),2.4GHz,2.4GHz,2300–2600,2468.8,1.1776,2400MHz,2400.0,1.3484,2450MHz,2450.0,1.2088,2484MHz,2484.0,1.1917,Good,Taoglas GW.59 Wi-Fi 6 dipole. Excellent dual-band performance. Clean resonance at 2.4 GHz and 5 GHz center. Low unit-to-unit variance. Contrast reference for Bolton Dart article — shows what a properly designed WiFi dipole looks like.
TAO59,TAO59-01,Taoglas GW.59.3153 3dBi Wi-Fi 6 Dipole Antenna,RP-SMA Male (hinged),5GHz,5GHz,4800–6000,5550.0,1.1702,5150MHz,5150.0,1.9706,5500MHz,5500.0,1.2078,5850MHz,5850.0,1.7198,Good,Taoglas GW.59 Wi-Fi 6 dipole. Excellent dual-band performance. Clean resonance at 2.4 GHz and 5 GHz center. Low unit-to-unit variance. Contrast reference for Bolton Dart article — shows what a properly designed WiFi dipole looks like.
TAO59,TAO59-02,Taoglas GW.59.3153 3dBi Wi-Fi 6 Dipole Antenna,RP-SMA Male (hinged),2.4GHz,2.4GHz,2300–2600,2486.8,1.0012,2400MHz,2400.0,1.3988,2450MHz,2450.0,1.177,2484MHz,2484.0,1.0095,Good,Taoglas GW.59 Wi-Fi 6 dipole. Excellent dual-band performance. Unit 2 near-perfect 2.4 GHz SWR 1.001 at resonance. Consistent with TAO59-01. Low unit-to-unit variance confirmed.
TAO59,TAO59-02,Taoglas GW.59.3153 3dBi Wi-Fi 6 Dipole Antenna,RP-SMA Male (hinged),5GHz,5GHz,4800–6000,5559.0,1.0177,5150MHz,5150.0,1.9019,5500MHz,5500.0,1.1836,5850MHz,5850.0,1.7134,Good,Taoglas GW.59 Wi-Fi 6 dipole. Excellent dual-band performance. Unit 2 near-perfect 2.4 GHz SWR 1.001 at resonance. Consistent with TAO59-01. Low unit-to-unit variance confirmed.
TAO71,TAO71-01,Taoglas GW.71.5153 Dual Band WiFi Antenna,RP-SMA Male (hinged),2.4GHz,2.4GHz,2300–2600,2468.8,1.0409,2400MHz,2400.0,1.3101,2450MHz,2450.0,1.0959,2484MHz,2484.0,1.0756,Marginal,"Outstanding 2.4 GHz — SWR 1.041 at resonance 2468.8 MHz. Best Taoglas 2.4 GHz tested. 5 GHz resonance at 5976 MHz above WiFi band pushing SWR to 2.9 at 5500 MHz. Possible BPi-01 source antenna based on 2.4 GHz profile similarity. | Marginal — 5G weak (max SWR 2.02), 2.4G good (1.25)"
TAO71,TAO71-01,Taoglas GW.71.5153 Dual Band WiFi Antenna,RP-SMA Male (hinged),5GHz,5GHz,4800–6000,5976.0,1.2779,5150MHz,5150.0,3.2945,5500MHz,5500.0,2.9306,5850MHz,5850.0,1.5992,Marginal,"Outstanding 2.4 GHz — SWR 1.041 at resonance 2468.8 MHz. Best Taoglas 2.4 GHz tested. 5 GHz resonance at 5976 MHz above WiFi band pushing SWR to 2.9 at 5500 MHz. Possible BPi-01 source antenna based on 2.4 GHz profile similarity. | Marginal — 5G weak (max SWR 2.02), 2.4G good (1.25)"
TAO71,TAO71-02,Taoglas GW.71.5153 Dual Band WiFi Antenna,RP-SMA Male (hinged),2.4GHz,2.4GHz,2300–2600,2456.8,1.1066,2400MHz,2400.0,1.3007,2450MHz,2450.0,1.1176,2484MHz,2484.0,1.1391,Good,Outstanding 2.4 GHz — SWR 1.107 at resonance 2456.8 MHz. 5 GHz resonance at 5910 MHz above WiFi band. SWR 2.4 at 5500 MHz. Consistent with TAO71-01. Low unit-to-unit variance at 2.4 GHz.
TAO71,TAO71-02,Taoglas GW.71.5153 Dual Band WiFi Antenna,RP-SMA Male (hinged),5GHz,5GHz,4800–6000,5910.0,1.6005,5150MHz,5150.0,1.7278,5500MHz,5500.0,2.4264,5850MHz,5850.0,1.7329,Good,Outstanding 2.4 GHz — SWR 1.107 at resonance 2456.8 MHz. 5 GHz resonance at 5910 MHz above WiFi band. SWR 2.4 at 5500 MHz. Consistent with TAO71-01. Low unit-to-unit variance at 2.4 GHz.
BF3R,BF3R-01,Bingfu Dual Band WiFi 2.4GHz 5GHz 3dBi RP-SMA Male Antenna,RP-SMA Male,2.4GHz,2.4GHz,2300–2600,2414.0,1.1462,2400MHz,2400.0,1.1877,2450MHz,2450.0,1.2373,2484MHz,2484.0,1.4677,Good,2.4 GHz resonance -36.0 MHz from center. SWR rises to 1.47 at 2484 MHz. 5 GHz resonance at 4989 MHz — high unit-to-unit scatter (903 MHz spread across batch) but SWR stays functional across WiFi band. Budget router/adapter antenna — functional but not optimized. Ships as default antenna with many routers and USB adapters.
BF3R,BF3R-01,Bingfu Dual Band WiFi 2.4GHz 5GHz 3dBi RP-SMA Male Antenna,RP-SMA Male,5GHz,5GHz,4800–6000,4989.0,1.0106,5150MHz,5150.0,1.1181,5500MHz,5500.0,1.2278,5850MHz,5850.0,1.0661,Good,2.4 GHz resonance -36.0 MHz from center. SWR rises to 1.47 at 2484 MHz. 5 GHz resonance at 4989 MHz — high unit-to-unit scatter (903 MHz spread across batch) but SWR stays functional across WiFi band. Budget router/adapter antenna — functional but not optimized. Ships as default antenna with many routers and USB adapters.
BF3R,BF3R-02,Bingfu Dual Band WiFi 2.4GHz 5GHz 3dBi RP-SMA Male Antenna,RP-SMA Male,2.4GHz,2.4GHz,2300–2600,2394.5,1.2117,2400MHz,2400.0,1.2158,2450MHz,2450.0,1.4238,2484MHz,2484.0,1.6171,Good,2.4 GHz resonance -55.5 MHz from center. SWR rises to 1.62 at 2484 MHz. 5 GHz resonance at 5403 MHz — high unit-to-unit scatter (903 MHz spread across batch) but SWR stays functional across WiFi band. Budget router/adapter antenna — functional but not optimized. Ships as default antenna with many routers and USB adapters.
BF3R,BF3R-02,Bingfu Dual Band WiFi 2.4GHz 5GHz 3dBi RP-SMA Male Antenna,RP-SMA Male,5GHz,5GHz,4800–6000,5403.0,1.0427,5150MHz,5150.0,1.2462,5500MHz,5500.0,1.1159,5850MHz,5850.0,1.0522,Good,2.4 GHz resonance -55.5 MHz from center. SWR rises to 1.62 at 2484 MHz. 5 GHz resonance at 5403 MHz — high unit-to-unit scatter (903 MHz spread across batch) but SWR stays functional across WiFi band. Budget router/adapter antenna — functional but not optimized. Ships as default antenna with many routers and USB adapters.
BF3R,BF3R-03,Bingfu Dual Band WiFi 2.4GHz 5GHz 3dBi RP-SMA Male Antenna,RP-SMA Male,2.4GHz,2.4GHz,2300–2600,2414.0,1.2306,2400MHz,2400.0,1.2343,2450MHz,2450.0,1.3286,2484MHz,2484.0,1.5329,Good,2.4 GHz resonance -36.0 MHz from center. SWR rises to 1.53 at 2484 MHz. 5 GHz resonance at 5892 MHz — high unit-to-unit scatter (903 MHz spread across batch) but SWR stays functional across WiFi band. Budget router/adapter antenna — functional but not optimized. Ships as default antenna with many routers and USB adapters.
BF3R,BF3R-03,Bingfu Dual Band WiFi 2.4GHz 5GHz 3dBi RP-SMA Male Antenna,RP-SMA Male,5GHz,5GHz,4800–6000,5892.0,1.0314,5150MHz,5150.0,1.4275,5500MHz,5500.0,1.1582,5850MHz,5850.0,1.0817,Good,2.4 GHz resonance -36.0 MHz from center. SWR rises to 1.53 at 2484 MHz. 5 GHz resonance at 5892 MHz — high unit-to-unit scatter (903 MHz spread across batch) but SWR stays functional across WiFi band. Budget router/adapter antenna — functional but not optimized. Ships as default antenna with many routers and USB adapters.
BF3R,BF3R-04,Bingfu Dual Band WiFi 2.4GHz 5GHz 3dBi RP-SMA Male Antenna,RP-SMA Male,2.4GHz,2.4GHz,2300–2600,2429.8,1.2811,2400MHz,2400.0,1.3049,2450MHz,2450.0,1.3421,2484MHz,2484.0,1.5099,Good,2.4 GHz resonance -20.2 MHz from center. SWR rises to 1.51 at 2484 MHz. 5 GHz resonance at 5394 MHz — high unit-to-unit scatter (903 MHz spread across batch) but SWR stays functional across WiFi band. Budget router/adapter antenna — functional but not optimized. Ships as default antenna with many routers and USB adapters.
BF3R,BF3R-04,Bingfu Dual Band WiFi 2.4GHz 5GHz 3dBi RP-SMA Male Antenna,RP-SMA Male,5GHz,5GHz,4800–6000,5394.0,1.0036,5150MHz,5150.0,1.2113,5500MHz,5500.0,1.0817,5850MHz,5850.0,1.1031,Good,2.4 GHz resonance -20.2 MHz from center. SWR rises to 1.51 at 2484 MHz. 5 GHz resonance at 5394 MHz — high unit-to-unit scatter (903 MHz spread across batch) but SWR stays functional across WiFi band. Budget router/adapter antenna — functional but not optimized. Ships as default antenna with many routers and USB adapters.
EW,EW-01,Eightwood Small WiFi Antenna 2.4GHz 5GHz Dual Band RP-SMA,RP-SMA Male,2.4GHz,2.4GHz,2300–2600,2600.0,2.4577,2400MHz,2400.0,2.9663,2450MHz,2450.0,2.9818,2484MHz,2484.0,2.9012,Do_Not_Use,Resonance +150.0 MHz above 2.4 GHz band center — outside WiFi band entirely. SWR 2.98 at 2450 MHz. 5 GHz resonance at 5544 MHz but SWR 3.87 at resonance — unusable. Consistent failure across all 4 units confirms design issue not QC. Unit-to-unit resonance spread only 0.8 MHz — they consistently make the wrong antenna.
EW,EW-01,Eightwood Small WiFi Antenna 2.4GHz 5GHz Dual Band RP-SMA,RP-SMA Male,5GHz,5GHz,4800–6000,5544.0,3.8748,5150MHz,5150.0,6.7809,5500MHz,5500.0,3.9276,5850MHz,5850.0,5.4661,Do_Not_Use,Resonance +150.0 MHz above 2.4 GHz band center — outside WiFi band entirely. SWR 2.98 at 2450 MHz. 5 GHz resonance at 5544 MHz but SWR 3.87 at resonance — unusable. Consistent failure across all 4 units confirms design issue not QC. Unit-to-unit resonance spread only 0.8 MHz — they consistently make the wrong antenna.
EW,EW-02,Eightwood Small WiFi Antenna 2.4GHz 5GHz Dual Band RP-SMA,RP-SMA Male,2.4GHz,2.4GHz,2300–2600,2600.0,2.8998,2400MHz,2400.0,3.1895,2450MHz,2450.0,3.2191,2484MHz,2484.0,3.229,Do_Not_Use,Resonance +150.0 MHz above 2.4 GHz band center — outside WiFi band entirely. SWR 3.22 at 2450 MHz. 5 GHz resonance at 5574 MHz but SWR 3.45 at resonance — unusable. Consistent failure across all 4 units confirms design issue not QC. Unit-to-unit resonance spread only 0.8 MHz — they consistently make the wrong antenna.
EW,EW-02,Eightwood Small WiFi Antenna 2.4GHz 5GHz Dual Band RP-SMA,RP-SMA Male,5GHz,5GHz,4800–6000,5574.0,3.4478,5150MHz,5150.0,6.7405,5500MHz,5500.0,3.7829,5850MHz,5850.0,4.9522,Do_Not_Use,Resonance +150.0 MHz above 2.4 GHz band center — outside WiFi band entirely. SWR 3.22 at 2450 MHz. 5 GHz resonance at 5574 MHz but SWR 3.45 at resonance — unusable. Consistent failure across all 4 units confirms design issue not QC. Unit-to-unit resonance spread only 0.8 MHz — they consistently make the wrong antenna.
EW,EW-03,Eightwood Small WiFi Antenna 2.4GHz 5GHz Dual Band RP-SMA,RP-SMA Male,2.4GHz,2.4GHz,2300–2600,2600.0,2.6061,2400MHz,2400.0,2.6957,2450MHz,2450.0,2.7263,2484MHz,2484.0,2.7673,Do_Not_Use,Resonance +150.0 MHz above 2.4 GHz band center — outside WiFi band entirely. SWR 2.73 at 2450 MHz. 5 GHz resonance at 5556 MHz but SWR 3.72 at resonance — unusable. Consistent failure across all 4 units confirms design issue not QC. Unit-to-unit resonance spread only 0.8 MHz — they consistently make the wrong antenna.
EW,EW-03,Eightwood Small WiFi Antenna 2.4GHz 5GHz Dual Band RP-SMA,RP-SMA Male,5GHz,5GHz,4800–6000,5556.0,3.7161,5150MHz,5150.0,7.8932,5500MHz,5500.0,4.0591,5850MHz,5850.0,5.4737,Do_Not_Use,Resonance +150.0 MHz above 2.4 GHz band center — outside WiFi band entirely. SWR 2.73 at 2450 MHz. 5 GHz resonance at 5556 MHz but SWR 3.72 at resonance — unusable. Consistent failure across all 4 units confirms design issue not QC. Unit-to-unit resonance spread only 0.8 MHz — they consistently make the wrong antenna.
EW,EW-04,Eightwood Small WiFi Antenna 2.4GHz 5GHz Dual Band RP-SMA,RP-SMA Male,2.4GHz,2.4GHz,2300–2600,2599.2,2.4717,2400MHz,2400.0,2.694,2450MHz,2450.0,2.6293,2484MHz,2484.0,2.5917,Do_Not_Use,Resonance +149.2 MHz above 2.4 GHz band center — outside WiFi band entirely. SWR 2.63 at 2450 MHz. 5 GHz resonance at 5559 MHz but SWR 4.00 at resonance — unusable. Consistent failure across all 4 units confirms design issue not QC. Unit-to-unit resonance spread only 0.8 MHz — they consistently make the wrong antenna.
EW,EW-04,Eightwood Small WiFi Antenna 2.4GHz 5GHz Dual Band RP-SMA,RP-SMA Male,5GHz,5GHz,4800–6000,5559.0,3.9971,5150MHz,5150.0,9.2338,5500MHz,5500.0,4.3532,5850MHz,5850.0,5.2418,Do_Not_Use,Resonance +149.2 MHz above 2.4 GHz band center — outside WiFi band entirely. SWR 2.63 at 2450 MHz. 5 GHz resonance at 5559 MHz but SWR 4.00 at resonance — unusable. Consistent failure across all 4 units confirms design issue not QC. Unit-to-unit resonance spread only 0.8 MHz — they consistently make the wrong antenna.
BF8,1,Bingfu 8dBi Dual-Band RP-SMA,RP-SMA Male,2.4GHz,2.4GHz,2300–2600,2426.8,1.424,2400MHz,2400.0,1.479,2450MHz,2450.0,1.477,2484MHz,2484.0,1.576,Good,2.4 GHz SWR at resonance elevated (1.424)
BF8,1,Bingfu 8dBi Dual-Band RP-SMA,RP-SMA Male,5GHz,5GHz,4800–6000,5178.0,1.062,5150MHz,5150.0,1.133,5500MHz,5500.0,1.568,5850MHz,5850.0,1.641,Good,2.4 GHz SWR at resonance elevated (1.424)
BF8,2,Bingfu 8dBi Dual-Band RP-SMA,RP-SMA Male,2.4GHz,2.4GHz,2300–2600,2432.0,1.411,2400MHz,2400.0,1.505,2450MHz,2450.0,1.452,2484MHz,2484.0,1.581,Good,2.4 GHz SWR at resonance elevated (1.411)
BF8,2,Bingfu 8dBi Dual-Band RP-SMA,RP-SMA Male,5GHz,5GHz,4800–6000,5196.0,1.059,5150MHz,5150.0,1.25,5500MHz,5500.0,1.541,5850MHz,5850.0,1.802,Good,2.4 GHz SWR at resonance elevated (1.411)
BF8,3,Bingfu 8dBi Dual-Band RP-SMA,RP-SMA Male,2.4GHz,2.4GHz,2300–2600,2429.0,1.284,2400MHz,2400.0,1.372,2450MHz,2450.0,1.289,2484MHz,2484.0,1.405,Good,
BF8,3,Bingfu 8dBi Dual-Band RP-SMA,RP-SMA Male,5GHz,5GHz,4800–6000,5184.0,1.038,5150MHz,5150.0,1.162,5500MHz,5500.0,1.703,5850MHz,5850.0,1.892,Good,
BF8,4,Bingfu 8dBi Dual-Band RP-SMA,RP-SMA Male,2.4GHz,2.4GHz,2300–2600,2428.2,1.195,2400MHz,2400.0,1.294,2450MHz,2450.0,1.226,2484MHz,2484.0,1.305,Good,
BF8,4,Bingfu 8dBi Dual-Band RP-SMA,RP-SMA Male,5GHz,5GHz,4800–6000,5217.0,1.102,5150MHz,5150.0,1.311,5500MHz,5500.0,1.444,5850MHz,5850.0,1.683,Good,
BF8,5,Bingfu 8dBi Dual-Band RP-SMA,RP-SMA Male,2.4GHz,2.4GHz,2300–2600,2423.8,1.516,2400MHz,2400.0,1.545,2450MHz,2450.0,1.558,2484MHz,2484.0,1.62,Good,5 GHz resonance above scan ceiling (>6000 MHz); true resonance untested; SWR at 5850 MHz elevated (1.99); 2.4 GHz SWR at resonance elevated (1.516)
BF8,5,Bingfu 8dBi Dual-Band RP-SMA,RP-SMA Male,5GHz,5GHz,4800–6000,6000.0,1.192,5150MHz,5150.0,1.24,5500MHz,5500.0,1.5,5850MHz,5850.0,1.993,Good,5 GHz resonance above scan ceiling (>6000 MHz); true resonance untested; SWR at 5850 MHz elevated (1.99); 2.4 GHz SWR at resonance elevated (1.516)
BF8,6,Bingfu 8dBi Dual-Band RP-SMA,RP-SMA Male,2.4GHz,2.4GHz,2300–2600,2423.0,1.273,2400MHz,2400.0,1.309,2450MHz,2450.0,1.318,2484MHz,2484.0,1.436,Good,SWR at 5850 MHz elevated (2.01)
BF8,6,Bingfu 8dBi Dual-Band RP-SMA,RP-SMA Male,5GHz,5GHz,4800–6000,5217.0,1.217,5150MHz,5150.0,1.488,5500MHz,5500.0,1.466,5850MHz,5850.0,2.006,Good,SWR at 5850 MHz elevated (2.01)
BPi,BPi-01,Banana Pi R3 Bundled Dual-Band WiFi Antenna,RP-SMA Male,2.4GHz,2.4GHz,2300–2600,2507.8,1.257,2400MHz,2400.0,1.915,2450MHz,2450.0,1.645,2484MHz,2484.0,1.341,Good,"2.4 GHz resonance 2507.8 MHz, above band — SWR rises steeply at lower channels; v3 marker readings underestimated 2.4 GHz offset — S1P data supersedes"
BPi,BPi-01,Banana Pi R3 Bundled Dual-Band WiFi Antenna,RP-SMA Male,5GHz,5GHz,4800–6000,5061.0,1.1,5150MHz,5150.0,1.436,5500MHz,5500.0,1.478,5850MHz,5850.0,1.299,Good,"2.4 GHz resonance 2507.8 MHz, above band — SWR rises steeply at lower channels; v3 marker readings underestimated 2.4 GHz offset — S1P data supersedes"
BPi,BPi-02,Banana Pi R3 Bundled Dual-Band WiFi Antenna,RP-SMA Male,2.4GHz,2.4GHz,2300–2600,2484.5,1.203,2400MHz,2400.0,1.797,2450MHz,2450.0,1.433,2484MHz,2484.0,1.204,Marginal,"v3 marker readings underestimated 2.4 GHz offset — S1P data supersedes | Marginal — 5G weak (max SWR 2.09), 2.4G good (1.69)"
BPi,BPi-02,Banana Pi R3 Bundled Dual-Band WiFi Antenna,RP-SMA Male,5GHz,5GHz,4800–6000,4989.0,1.119,5150MHz,5150.0,1.632,5500MHz,5500.0,1.684,5850MHz,5850.0,1.295,Marginal,"v3 marker readings underestimated 2.4 GHz offset — S1P data supersedes | Marginal — 5G weak (max SWR 2.09), 2.4G good (1.69)"
BPi,BPi-03,Banana Pi R3 Bundled Dual-Band WiFi Antenna,RP-SMA Male,2.4GHz,2.4GHz,2300–2600,2556.5,1.46,2400MHz,2400.0,2.205,2450MHz,2450.0,2.383,2484MHz,2484.0,2.169,Marginal,"2.4 GHz resonance 2556.5 MHz, above band — SWR rises steeply at lower channels; SWR at 2450 MHz 2.383; SWR at 2484 MHz 2.169; v3 marker readings underestimated 2.4 GHz offset — S1P data supersedes | Marginal — 2.4G weak (max SWR 2.42), 5G good (1.77)"
BPi,BPi-03,Banana Pi R3 Bundled Dual-Band WiFi Antenna,RP-SMA Male,5GHz,5GHz,4800–6000,5064.0,1.043,5150MHz,5150.0,1.378,5500MHz,5500.0,1.345,5850MHz,5850.0,1.323,Marginal,"2.4 GHz resonance 2556.5 MHz, above band — SWR rises steeply at lower channels; SWR at 2450 MHz 2.383; SWR at 2484 MHz 2.169; v3 marker readings underestimated 2.4 GHz offset — S1P data supersedes | Marginal — 2.4G weak (max SWR 2.42), 5G good (1.77)"
BPi,BPi-04,Banana Pi R3 Bundled Dual-Band WiFi Antenna,RP-SMA Male,2.4GHz,2.4GHz,2300–2600,2526.5,1.183,2400MHz,2400.0,2.125,2450MHz,2450.0,1.944,2484MHz,2484.0,1.574,Marginal,"2.4 GHz resonance 2526.5 MHz, above band — SWR rises steeply at lower channels; SWR at 2450 MHz 1.944; SWR at 2484 MHz 1.574; v3 marker readings underestimated 2.4 GHz offset — S1P data supersedes | Marginal — 2.4G weak (max SWR 2.10), 5G good (1.80)"
BPi,BPi-04,Banana Pi R3 Bundled Dual-Band WiFi Antenna,RP-SMA Male,5GHz,5GHz,4800–6000,5028.0,1.055,5150MHz,5150.0,1.62,5500MHz,5500.0,1.565,5850MHz,5850.0,1.296,Marginal,"2.4 GHz resonance 2526.5 MHz, above band — SWR rises steeply at lower channels; SWR at 2450 MHz 1.944; SWR at 2484 MHz 1.574; v3 marker readings underestimated 2.4 GHz offset — S1P data supersedes | Marginal — 2.4G weak (max SWR 2.10), 5G good (1.80)"
BPi,BPi-05,Banana Pi R3 Bundled Dual-Band WiFi Antenna,RP-SMA Male,2.4GHz,2.4GHz,2300–2600,2527.2,1.256,2400MHz,2400.0,2.012,2450MHz,2450.0,1.855,2484MHz,2484.0,1.545,Good,"2.4 GHz resonance 2527.2 MHz, above band — SWR rises steeply at lower channels; SWR at 2450 MHz 1.855; SWR at 2484 MHz 1.545; v3 marker readings underestimated 2.4 GHz offset — S1P data supersedes"
BPi,BPi-05,Banana Pi R3 Bundled Dual-Band WiFi Antenna,RP-SMA Male,5GHz,5GHz,4800–6000,5034.0,1.048,5150MHz,5150.0,1.602,5500MHz,5500.0,1.505,5850MHz,5850.0,1.332,Good,"2.4 GHz resonance 2527.2 MHz, above band — SWR rises steeply at lower channels; SWR at 2450 MHz 1.855; SWR at 2484 MHz 1.545; v3 marker readings underestimated 2.4 GHz offset — S1P data supersedes"
BPi,BPi-06,Banana Pi R3 Bundled Dual-Band WiFi Antenna,RP-SMA Male,2.4GHz,2.4GHz,2300–2600,2553.5,1.378,2400MHz,2400.0,1.907,2450MHz,2450.0,1.872,2484MHz,2484.0,1.672,Good,"2.4 GHz resonance 2553.5 MHz, above band — SWR rises steeply at lower channels; SWR at 2450 MHz 1.872; SWR at 2484 MHz 1.672; v3 marker readings underestimated 2.4 GHz offset — S1P data supersedes"
BPi,BPi-06,Banana Pi R3 Bundled Dual-Band WiFi Antenna,RP-SMA Male,5GHz,5GHz,4800–6000,5052.0,1.063,5150MHz,5150.0,1.487,5500MHz,5500.0,1.476,5850MHz,5850.0,1.368,Good,"2.4 GHz resonance 2553.5 MHz, above band — SWR rises steeply at lower channels; SWR at 2450 MHz 1.872; SWR at 2484 MHz 1.672; v3 marker readings underestimated 2.4 GHz offset — S1P data supersedes"
BPi,BPi-07,Banana Pi R3 Bundled Dual-Band WiFi Antenna,RP-SMA Male,2.4GHz,2.4GHz,2300–2600,2533.2,1.176,2400MHz,2400.0,2.194,2450MHz,2450.0,2.091,2484MHz,2484.0,1.72,Marginal,"2.4 GHz resonance 2533.2 MHz, above band — SWR rises steeply at lower channels; SWR at 2450 MHz 2.091; SWR at 2484 MHz 1.720; v3 marker readings underestimated 2.4 GHz offset — S1P data supersedes | Marginal — 2.4G weak (max SWR 2.21), 5G good (1.93)"
BPi,BPi-07,Banana Pi R3 Bundled Dual-Band WiFi Antenna,RP-SMA Male,5GHz,5GHz,4800–6000,5031.0,1.048,5150MHz,5150.0,1.536,5500MHz,5500.0,1.443,5850MHz,5850.0,1.327,Marginal,"2.4 GHz resonance 2533.2 MHz, above band — SWR rises steeply at lower channels; SWR at 2450 MHz 2.091; SWR at 2484 MHz 1.720; v3 marker readings underestimated 2.4 GHz offset — S1P data supersedes | Marginal — 2.4G weak (max SWR 2.21), 5G good (1.93)"
BPi,BPi-08,Banana Pi R3 Bundled Dual-Band WiFi Antenna,RP-SMA Male,2.4GHz,2.4GHz,2300–2600,2529.5,1.454,2400MHz,2400.0,2.019,2450MHz,2450.0,1.826,2484MHz,2484.0,1.604,Good,"2.4 GHz resonance 2529.5 MHz, above band — SWR rises steeply at lower channels; SWR at 2450 MHz 1.826; SWR at 2484 MHz 1.604; v3 marker readings underestimated 2.4 GHz offset — S1P data supersedes"
BPi,BPi-08,Banana Pi R3 Bundled Dual-Band WiFi Antenna,RP-SMA Male,5GHz,5GHz,4800–6000,4980.0,1.066,5150MHz,5150.0,1.758,5500MHz,5500.0,1.702,5850MHz,5850.0,1.338,Good,"2.4 GHz resonance 2529.5 MHz, above band — SWR rises steeply at lower channels; SWR at 2450 MHz 1.826; SWR at 2484 MHz 1.604; v3 marker readings underestimated 2.4 GHz offset — S1P data supersedes"
SB,SB-01,Bingfu 3dBi SMA Male,SMA Male,2.4GHz,2.4GHz,2300–2600,2366.8,1.064,2400MHz,2400.0,1.094,2450MHz,2450.0,1.094,2484MHz,2484.0,1.157,Good,"Resonance 2366.8 MHz, well below band center; 2.4 GHz only (silver insert); 5 GHz untested/not rated"
SB,SB-02,Bingfu 3dBi SMA Male,SMA Male,2.4GHz,2.4GHz,2300–2600,2405.8,1.046,2400MHz,2400.0,1.052,2450MHz,2450.0,1.199,2484MHz,2484.0,1.367,Good,2.4 GHz only (silver insert); 5 GHz untested/not rated
SB,SB-03,Bingfu 3dBi SMA Male,SMA Male,2.4GHz,2.4GHz,2300–2600,2357.0,1.169,2400MHz,2400.0,1.323,2450MHz,2450.0,1.659,2484MHz,2484.0,1.877,Good,"Resonance 2357.0 MHz, well below band center; SWR at 2484 MHz elevated (1.877); 2.4 GHz only (silver insert); 5 GHz untested/not rated"
SB,SB-04,Bingfu 3dBi SMA Male,SMA Male,2.4GHz,2.4GHz,2300–2600,2458.2,1.051,2400MHz,2400.0,1.174,2450MHz,2450.0,1.069,2484MHz,2484.0,1.105,Good,2.4 GHz only (silver insert); 5 GHz untested/not rated
SB,SB-05,Bingfu 3dBi SMA Male,SMA Male,2.4GHz,2.4GHz,2300–2600,2409.5,1.081,2400MHz,2400.0,1.097,2450MHz,2450.0,1.254,2484MHz,2484.0,1.459,Good,2.4 GHz only (silver insert); 5 GHz untested/not rated
SB,SB-06,Bingfu 3dBi SMA Male,SMA Male,2.4GHz,2.4GHz,2300–2600,2441.8,1.159,2400MHz,2400.0,1.309,2450MHz,2450.0,1.16,2484MHz,2484.0,1.266,Good,2.4 GHz only (silver insert); 5 GHz untested/not rated
SB,SB-07,Bingfu 3dBi SMA Male,SMA Male,2.4GHz,2.4GHz,2300–2600,2447.0,1.091,2400MHz,2400.0,1.311,2450MHz,2450.0,1.094,2484MHz,2484.0,1.152,Good,2.4 GHz only (silver insert); 5 GHz untested/not rated
SB,SB-08,Bingfu 3dBi SMA Male,SMA Male,2.4GHz,2.4GHz,2300–2600,2444.0,1.006,2400MHz,2400.0,1.19,2450MHz,2450.0,1.034,2484MHz,2484.0,1.2,Good,2.4 GHz only (silver insert); 5 GHz untested/not rated
SB,SB-09,Bingfu 3dBi SMA Male,SMA Male,2.4GHz,2.4GHz,2300–2600,2485.2,1.014,2400MHz,2400.0,1.498,2450MHz,2450.0,1.199,2484MHz,2484.0,1.015,Good,2.4 GHz only (silver insert); 5 GHz untested/not rated
PB,PB-01,Bingfu 3dBi SMA Male,SMA Male,2.4GHz,2.4GHz,2300–2600,2353.2,1.245,2400MHz,2400.0,1.403,2450MHz,2450.0,1.705,2484MHz,2484.0,1.926,Marginal,"SWR at 2484 MHz 1.926; 5 GHz SWR at 5850 MHz 2.482; Dual-band (black insert) | Marginal — 5G weak (max SWR 2.34), 2.4G good (1.93)"
PB,PB-01,Bingfu 3dBi SMA Male,SMA Male,5GHz,5GHz,4800–6000,4866.0,1.076,5150MHz,5150.0,1.929,5500MHz,5500.0,1.088,5850MHz,5850.0,2.482,Marginal,"SWR at 2484 MHz 1.926; 5 GHz SWR at 5850 MHz 2.482; Dual-band (black insert) | Marginal — 5G weak (max SWR 2.34), 2.4G good (1.93)"
PB,PB-02,Bingfu 3dBi SMA Male,SMA Male,2.4GHz,2.4GHz,2300–2600,2304.5,1.168,2400MHz,2400.0,1.684,2450MHz,2450.0,1.99,2484MHz,2484.0,2.156,Marginal,"2.4 GHz resonance 2304.5 MHz, far below band; SWR at 2484 MHz 2.156; 5 GHz SWR at 5850 MHz 2.017; Dual-band (black insert) | Marginal — 2.4G weak (max SWR 2.16), 5G good (1.94)"
PB,PB-02,Bingfu 3dBi SMA Male,SMA Male,5GHz,5GHz,4800–6000,5490.0,1.092,5150MHz,5150.0,1.623,5500MHz,5500.0,1.129,5850MHz,5850.0,2.017,Marginal,"2.4 GHz resonance 2304.5 MHz, far below band; SWR at 2484 MHz 2.156; 5 GHz SWR at 5850 MHz 2.017; Dual-band (black insert) | Marginal — 2.4G weak (max SWR 2.16), 5G good (1.94)"
PB,PB-03,Bingfu 3dBi SMA Male,SMA Male,2.4GHz,2.4GHz,2300–2600,2435.8,1.374,2400MHz,2400.0,1.407,2450MHz,2450.0,1.401,2484MHz,2484.0,1.479,Good,Dual-band (black insert)
PB,PB-03,Bingfu 3dBi SMA Male,SMA Male,5GHz,5GHz,4800–6000,4953.0,1.053,5150MHz,5150.0,1.696,5500MHz,5500.0,1.381,5850MHz,5850.0,1.898,Good,Dual-band (black insert)
PB,PB-04,Bingfu 3dBi SMA Male,SMA Male,2.4GHz,2.4GHz,2300–2600,2353.2,1.138,2400MHz,2400.0,1.296,2450MHz,2450.0,1.591,2484MHz,2484.0,1.794,Marginal,"5 GHz SWR at 5850 MHz 2.512; Dual-band (black insert) | Marginal — 5G weak (max SWR 2.33), 2.4G good (1.79)"
PB,PB-04,Bingfu 3dBi SMA Male,SMA Male,5GHz,5GHz,4800–6000,5403.0,1.04,5150MHz,5150.0,1.784,5500MHz,5500.0,1.19,5850MHz,5850.0,2.512,Marginal,"5 GHz SWR at 5850 MHz 2.512; Dual-band (black insert) | Marginal — 5G weak (max SWR 2.33), 2.4G good (1.79)"
PB,PB-05,Bingfu 3dBi SMA Male,SMA Male,2.4GHz,2.4GHz,2300–2600,2384.0,1.001,2400MHz,2400.0,1.092,2450MHz,2450.0,1.509,2484MHz,2484.0,1.789,Marginal,"5 GHz SWR at 5850 MHz 2.187; Dual-band (black insert) | Marginal — 5G weak (max SWR 2.03), 2.4G good (1.79)"
PB,PB-05,Bingfu 3dBi SMA Male,SMA Male,5GHz,5GHz,4800–6000,5490.0,1.067,5150MHz,5150.0,1.546,5500MHz,5500.0,1.07,5850MHz,5850.0,2.187,Marginal,"5 GHz SWR at 5850 MHz 2.187; Dual-band (black insert) | Marginal — 5G weak (max SWR 2.03), 2.4G good (1.79)"
PB,PB-06,Bingfu 3dBi SMA Male,SMA Male,2.4GHz,2.4GHz,2300–2600,2401.2,1.075,2400MHz,2400.0,1.077,2450MHz,2450.0,1.323,2484MHz,2484.0,1.565,Marginal,"5 GHz SWR at 5850 MHz 2.439; Dual-band (black insert) | Marginal — 5G weak (max SWR 2.28), 2.4G good (1.57)"
PB,PB-06,Bingfu 3dBi SMA Male,SMA Male,5GHz,5GHz,4800–6000,5523.0,1.004,5150MHz,5150.0,1.991,5500MHz,5500.0,1.044,5850MHz,5850.0,2.439,Marginal,"5 GHz SWR at 5850 MHz 2.439; Dual-band (black insert) | Marginal — 5G weak (max SWR 2.28), 2.4G good (1.57)"
PB,PB-07,Bingfu 3dBi SMA Male,SMA Male,2.4GHz,2.4GHz,2300–2600,2332.2,1.254,2400MHz,2400.0,1.415,2450MHz,2450.0,1.711,2484MHz,2484.0,1.928,Marginal,"2.4 GHz resonance 2332.2 MHz, far below band; SWR at 2484 MHz 1.928; 5 GHz SWR at 5850 MHz 2.280; Dual-band (black insert) | Marginal — 5G weak (max SWR 2.15), 2.4G good (1.93)"
PB,PB-07,Bingfu 3dBi SMA Male,SMA Male,5GHz,5GHz,4800–6000,4953.0,1.004,5150MHz,5150.0,1.499,5500MHz,5500.0,1.014,5850MHz,5850.0,2.28,Marginal,"2.4 GHz resonance 2332.2 MHz, far below band; SWR at 2484 MHz 1.928; 5 GHz SWR at 5850 MHz 2.280; Dual-band (black insert) | Marginal — 5G weak (max SWR 2.15), 2.4G good (1.93)"
PB,PB-08,Bingfu 3dBi SMA Male,SMA Male,2.4GHz,2.4GHz,2300–2600,2431.2,1.112,2400MHz,2400.0,1.234,2450MHz,2450.0,1.189,2484MHz,2484.0,1.418,Marginal,"5 GHz SWR at 5850 MHz 2.107; 5 GHz SWR at 5150 MHz 2.096; Dual-band (black insert) | Marginal — 5G weak (max SWR 2.23), 2.4G good (1.42)"
PB,PB-08,Bingfu 3dBi SMA Male,SMA Male,5GHz,5GHz,4800–6000,4887.0,1.066,5150MHz,5150.0,2.096,5500MHz,5500.0,1.312,5850MHz,5850.0,2.107,Marginal,"5 GHz SWR at 5850 MHz 2.107; 5 GHz SWR at 5150 MHz 2.096; Dual-band (black insert) | Marginal — 5G weak (max SWR 2.23), 2.4G good (1.42)"
MIMO2,MIMO2-01,2-port dual-band MIMO panel antenna,RP-SMA Male,2.4GHz,2.4GHz,2300–2600,2440.2,1.025,2412MHz,2412.0,1.268,2437MHz,2437.0,1.051,2484MHz,2484.0,1.209,Good,Excellent resonance at 2440 MHz; all in-band spots well under 1.3. Clean port.
MIMO2,MIMO2-01,2-port dual-band MIMO panel antenna,RP-SMA Male,5GHz,5GHz,4800–6000,5538.0,1.118,5180MHz,5180.0,1.424,5500MHz,5500.0,1.245,5850MHz,5850.0,1.258,Good,Dense low-SWR minima across full 5 GHz band — cable-affected MIMO measurement. SWR@res and all spots under 1.5. PASS per resonance validity ruling.
MIMO2,MIMO2-02,2-port dual-band MIMO panel antenna,RP-SMA Male,2.4GHz,2.4GHz,2300–2600,2444.0,1.015,2412MHz,2412.0,1.14,2437MHz,2437.0,1.04,2484MHz,2484.0,1.133,Good,Near-perfect resonance at 2444 MHz; all in-band spots under 1.16. Best 2.4 GHz result of the batch.
MIMO2,MIMO2-02,2-port dual-band MIMO panel antenna,RP-SMA Male,5GHz,5GHz,4800–6000,5925.0,1.004,5180MHz,5180.0,1.116,5500MHz,5500.0,1.027,5850MHz,5850.0,1.077,Good,Exceptionally flat 5 GHz response; all spots under 1.12. Dense clean resonances across full band. Best 5 GHz port in this session.
MIMO3,MIMO3-01,3-port dual-band MIMO panel antenna,RP-SMA Male,2.4GHz,2.4GHz,2300–2600,2435.0,1.009,2412MHz,2412.0,1.329,2437MHz,2437.0,1.072,2484MHz,2484.0,1.139,Good,Resonance at 2435 MHz; clean at 2437/2484; slight rise at 2412 still well under threshold.
MIMO3,MIMO3-01,3-port dual-band MIMO panel antenna,RP-SMA Male,5GHz,5GHz,4998–6000,5280.0,1.183,5180MHz,5180.0,1.342,5500MHz,5500.0,1.186,5850MHz,5850.0,1.308,Good,Scan starts at 4998 MHz (truncated low end). All spots under 1.36; cable-affected MIMO pattern. PASS per resonance ruling.
MIMO3,MIMO3-02,3-port dual-band MIMO panel antenna,RP-SMA Male,2.4GHz,2.4GHz,2300–2599,2522.0,1.015,2412MHz,2412.0,1.208,2437MHz,2437.0,1.029,2484MHz,2484.0,1.227,Good,Resonance slightly high at 2522 MHz but multiple minima through band; all in-band spots under 1.25.
MIMO3,MIMO3-02,3-port dual-band MIMO panel antenna,RP-SMA Male,5GHz,5GHz,4800–6000,4833.0,1.01,5180MHz,5180.0,1.391,5500MHz,5500.0,1.258,5850MHz,5850.0,1.429,Good,Primary resonance at 4833 MHz (below band); in-band spots 1.26–1.43. Slightly elevated vs other ports but all under 1.5. PASS per resonance ruling.
MIMO3,MIMO3-03,3-port dual-band MIMO panel antenna,RP-SMA Male,2.4GHz,2.4GHz,2300–2600,2529.5,1.095,2412MHz,2412.0,1.309,2437MHz,2437.0,1.375,2484MHz,2484.0,1.162,Good,Resonance high at 2530 MHz; in-band spots 1.16–1.44. Weakest 2.4 GHz port of the MIMO3 set but all spots stay under 1.5.
MIMO3,MIMO3-03,3-port dual-band MIMO panel antenna,RP-SMA Male,5GHz,5GHz,4800–6000,5484.0,1.111,5180MHz,5180.0,1.488,5500MHz,5500.0,1.154,5850MHz,5850.0,1.594,Good,5850 MHz approaching 1.6; 5180 MHz at 1.49. Highest spot readings of the MIMO3 5 GHz ports. Still under 2.0 per resonance ruling but worth noting.
TC,TC-01,Techtoo 9dBi 2.4GHz omnidirectional stick,RP-SMA Male,2.4GHz,2.4GHz,2300–2592,2444.8,1.004,2412MHz,2412.0,1.579,2437MHz,2437.0,1.103,2484MHz,2484.0,1.432,Good,Near-perfect resonance at 2445 MHz; under 1.6 across entire 2.4GHz band. Excellent result for a claimed 9dBi stick.
ZBM2,ZBM2-BLE,ZBM2 Industries The Stubby — BLE variant (SMA Male),SMA Male,2.4GHz,2.4GHz,2300–2600,2467.2,1.18,2412MHz,2412.0,1.204,2437MHz,2437.0,1.19,2484MHz,2484.0,1.248,Good,Flat response across entire 2.4 GHz band; all spots under 1.25. Excellent BLE/WiFi coverage.
ZBM2,ZBM2-BLE,ZBM2 Industries The Stubby — BLE variant (SMA Male),SMA Male,5GHz,5GHz,4800–6000,5223.0,1.003,5180MHz,5180.0,1.192,5500MHz,5500.0,2.505,5850MHz,5850.0,4.523,Good,Clean resonance at 5223 MHz but falls apart above ~5300. Usable for 5180 MHz only; not a 5 GHz antenna.
BF3S,BF3S-01,Bingfu 3dBi Dual-Band SMA Male Antenna,SMA Male,2.4GHz,2.4GHz,2300–2600,2324.0,1.13,2400MHz,2400.0,1.503,2450MHz,2450.0,1.897,2484MHz,2484.0,2.19,Do_Not_Use,"SMA variant; resonance 2324.0 MHz 2.4G, 5472.0 MHz 5G; SWR at 2484=2.190, 5850=2.135; Unit 1 outlier — resonance 126 MHz below band center"
BF3S,BF3S-01,Bingfu 3dBi Dual-Band SMA Male Antenna,SMA Male,5GHz,5GHz,4800–6000,5472.0,1.123,5150MHz,5150.0,1.594,5500MHz,5500.0,1.157,5850MHz,5850.0,2.135,Good,"SMA variant; resonance 2324.0 MHz 2.4G, 5472.0 MHz 5G; SWR at 2484=2.190, 5850=2.135; Unit 1 outlier — resonance 126 MHz below band center"
BF3S,BF3S-02,Bingfu 3dBi Dual-Band SMA Male Antenna,SMA Male,2.4GHz,2.4GHz,2300–2600,2390.75,1.081,2400MHz,2400.0,1.1,2450MHz,2450.0,1.428,2484MHz,2484.0,1.715,Good,"SMA variant; resonance 2390.8 MHz 2.4G, 4959.0 MHz 5G; SWR at 2484=1.715, 5850=1.970"
BF3S,BF3S-02,Bingfu 3dBi Dual-Band SMA Male Antenna,SMA Male,5GHz,5GHz,4800–6000,4959.0,1.092,5150MHz,5150.0,1.702,5500MHz,5500.0,1.29,5850MHz,5850.0,1.97,Good,"SMA variant; resonance 2390.8 MHz 2.4G, 4959.0 MHz 5G; SWR at 2484=1.715, 5850=1.970"
BF3S,BF3S-03,Bingfu 3dBi Dual-Band SMA Male Antenna,SMA Male,2.4GHz,2.4GHz,2300–2600,2407.25,1.088,2400MHz,2400.0,1.105,2450MHz,2450.0,1.305,2484MHz,2484.0,1.593,Good,"SMA variant; resonance 2407.2 MHz 2.4G, 4959.0 MHz 5G; SWR at 2484=1.593, 5850=2.064"
BF3S,BF3S-03,Bingfu 3dBi Dual-Band SMA Male Antenna,SMA Male,5GHz,5GHz,4800–6000,4959.0,1.087,5150MHz,5150.0,1.631,5500MHz,5500.0,1.232,5850MHz,5850.0,2.064,Good,"SMA variant; resonance 2407.2 MHz 2.4G, 4959.0 MHz 5G; SWR at 2484=1.593, 5850=2.064"
BF3S,BF3S-04,Bingfu 3dBi Dual-Band SMA Male Antenna,SMA Male,2.4GHz,2.4GHz,2300–2600,2396.75,1.099,2400MHz,2400.0,1.101,2450MHz,2450.0,1.398,2484MHz,2484.0,1.67,Good,"SMA variant; resonance 2396.8 MHz 2.4G, 4971.0 MHz 5G; SWR at 2484=1.670, 5850=2.092"
BF3S,BF3S-04,Bingfu 3dBi Dual-Band SMA Male Antenna,SMA Male,5GHz,5GHz,4800–6000,4971.0,1.083,5150MHz,5150.0,1.657,5500MHz,5500.0,1.2,5850MHz,5850.0,2.092,Good,"SMA variant; resonance 2396.8 MHz 2.4G, 4971.0 MHz 5G; SWR at 2484=1.670, 5850=2.092"
